country,year,confirmed_cases,complete,source,reference,coverage
Benin,2013,13,FALSE,Publication,https://doi.org/10.1080/22221751.2020.1796528,
Benin,2015,1,FALSE,Publication,https://doi.org/10.1080/22221751.2020.1796528,
Benin,2016,20,FALSE,Publication,https://doi.org/10.1080/22221751.2020.1796528,
Benin,2017,71,FALSE,ProMED,https://promedmail.org/promed-post/?id=20160227.4054108,
Benin,2018,5,FALSE,Publication,10.1089/hs.2019.0080,
Benin,2019,6,TRUE,WHO,http://apps.who.int/iris/bitstream/handle/10665/278952/OEW01-29122018-04012019.pdf,
Benin,2020,4,FALSE,WHO,https://apps.who.int/iris/bitstream/handle/10665/331284/OEW09-240201032020.pdf,
Burkina Faso,2017,1,FALSE,ProMED,https://promedmail.org/promed-post/?id=20170312.4896305,
Côte d'Ivoire,2015,1,FALSE,Publication,https://doi.org/10.3201/eid2509.190239,
Ghana,2011,2,FALSE,Publication,https://www.ncbi.nlm.nih.gov/pubmed/23661832,
Ghana,2023,27,FALSE,WHO,https://apps.who.int/iris/bitstream/handle/10665/366504/OEW11-0612032023.pdf,
Guinea,2018,1,TRUE,Publication,https://www.ncbi.nlm.nih.gov/pmc/articles/PMC7598168/,
Guinea,2019,1,TRUE,ProMED,https://promedmail.org/promed-post/?id=20180210.5620420,
Guinea,2020,1,TRUE,WHO,https://apps.who.int/iris/bitstream/handle/10665/338413/OEW01-271203012021.pdf,
Guinea,2021,8,TRUE,WHO,https://www.who.int/emergencies/disease-outbreak-news/item/2022-DON382,
Guinea,2022,7,TRUE,WHO,https://apps.who.int/iris/bitstream/handle/10665/362017/OEW34-1521082022.pdf and https://apps.who.int/iris/bitstream/handle/10665/365480/OEW52-1925120222.pdf,
Liberia,2013,12,FALSE,ProMED,https://promedmail.org/promed-post/?id=20130911.1937742,
Liberia,2014,14,FALSE,ProMED,https://promedmail.org/promed-post/?id=20140328.2363217,
Liberia,2016,14,TRUE,Publication,https://doi.org/10.1016/j.ijid.2017.11.007,
Liberia,2017,28,TRUE,WHO,http://apps.who.int/iris/bitstream/handle/10665/259809/OEW1-2018.pdf?sequence=1,
Liberia,2018,21,TRUE,WHO,http://apps.who.int/iris/bitstream/handle/10665/278952/OEW01-29122018-04012019.pdf,
Liberia,2019,45,FALSE,ProMED,https://apps.who.int/iris/bitstream/handle/10665/330353/OEW01-05012020.pdf,
Liberia,2020,103,TRUE,WHO,https://apps.who.int/iris/bitstream/handle/10665/338413/OEW01-271203012021.pdf,
Liberia,2021,24,FALSE,WHO,https://apps.who.int/iris/bitstream/handle/10665/350957/OEW52-2026122021.pdf,
Liberia,2022,67,TRUE,WHO,https://apps.who.int/iris/bitstream/handle/10665/365480/OEW52-1925120222.pdf,
Liberia,2023,23,FALSE,WHO,https://apps.who.int/iris/bitstream/handle/10665/366504/OEW11-0612032023.pdf,
Mali,2016,2,FALSE,Publication,https://doi.org/10.3201/eid2505.181047,
Nigeria,2012,147,FALSE,ProMED,https://promedmail.org/promed-post/?id=20120714.1201872,
Nigeria,2013,154,FALSE,ProMED,https://promedmail.org/promed-post/?id=20131018.2009142,
Nigeria,2014,86,FALSE,ProMED,https://promedmail.org/promed-post/?id=20140522.2489540,
Nigeria,2015,13,FALSE,ProMED,https://promedmail.org/promed-post/?id=20151125.3819446,
Nigeria,2016,101,TRUE,Data table,https://www.ncdc.gov.ng/diseases/sitreps/?cat=5&name=An%20update%20of%20Lassa%20fever%20outbreak%20in%20Nigeria,
Nigeria,2017,322,TRUE,Situation report,https://ncdc.gov.ng/themes/common/files/sitreps/ee0dc4dab90d1c4c9a71ac5ab27f051a.pdf,
Nigeria,2018,633,TRUE,NCDC situation report (lassa_sitrep_2018_w52_20181224.pdf),https://ncdc.gov.ng/diseases/sitreps/?cat=5&name=An%20update%20of%20Lassa%20fever%20outbreak%20in%20Nigeria,
Nigeria,2019,833,TRUE,NCDC situation report (lassa_sitrep_2019_w52_20191228.pdf),https://ncdc.gov.ng/diseases/sitreps/?cat=5&name=An%20update%20of%20Lassa%20fever%20outbreak%20in%20Nigeria,
Nigeria,2020,1189,TRUE,NCDC situation report (lassa_sitrep_2020_w53_20201231.pdf),https://ncdc.gov.ng/diseases/sitreps/?cat=5&name=An%20update%20of%20Lassa%20fever%20outbreak%20in%20Nigeria,
Nigeria,2021,510,TRUE,NCDC situation report (lassa_sitrep_2021_w52_20211225.pdf),https://ncdc.gov.ng/diseases/sitreps/?cat=5&name=An%20update%20of%20Lassa%20fever%20outbreak%20in%20Nigeria,
Nigeria,2022,1067,TRUE,NCDC situation report (lassa_sitrep_2022_w52_20221222.pdf),https://ncdc.gov.ng/diseases/sitreps/?cat=5&name=An%20update%20of%20Lassa%20fever%20outbreak%20in%20Nigeria,
Nigeria,2023,1270,TRUE,NCDC situation report (lassa_sitrep_2023_w52_20231221.pdf),https://ncdc.gov.ng/diseases/sitreps/?cat=5&name=An%20update%20of%20Lassa%20fever%20outbreak%20in%20Nigeria,
Nigeria,2024,1309,TRUE,NCDC situation report (2024 year-end report),https://ncdc.gov.ng/diseases/sitreps/?cat=5&name=An%20update%20of%20Lassa%20fever%20outbreak%20in%20Nigeria,
Nigeria,2025,1148,TRUE,NCDC situation report (lassa_sitrep_2025_w52_20251227.pdf),https://ncdc.gov.ng/diseases/sitreps/?cat=5&name=An%20update%20of%20Lassa%20fever%20outbreak%20in%20Nigeria,
Nigeria,2026,1086,FALSE,NCDC situation report (lassa_sitrep_2026_w36_20260905.pdf),https://ncdc.gov.ng/diseases/sitreps/?cat=5&name=An%20update%20of%20Lassa%20fever%20outbreak%20in%20Nigeria,to week 36
Sierra Leone,2008,33,FALSE,Publication,https://www.sciencedirect.com/science/article/pii/S2352340919300228,
Sierra Leone,2009,26,FALSE,Publication,https://www.sciencedirect.com/science/article/pii/S2352340919300228,
Sierra Leone,2010,96,FALSE,Publication,https://www.sciencedirect.com/science/article/pii/S2352340919300228,
Sierra Leone,2011,255,FALSE,Publication,https://www.sciencedirect.com/science/article/pii/S2352340919300228,
Sierra Leone,2012,311,FALSE,Publication,https://www.sciencedirect.com/science/article/pii/S2352340919300228,
Sierra Leone,2013,20,FALSE,Publication,https://www.ncbi.nlm.nih.gov/pmc/articles/PMC7866338/,
Sierra Leone,2014,9,FALSE,Publication,https://www.ncbi.nlm.nih.gov/pmc/articles/PMC7866338/,
Sierra Leone,2015,5,FALSE,Publication,https://www.ncbi.nlm.nih.gov/pmc/articles/PMC7866338/,
Sierra Leone,2016,2,FALSE,Publication,https://www.ncbi.nlm.nih.gov/pmc/articles/PMC7866338/,
Sierra Leone,2017,4,FALSE,ProMED,https://promedmail.org/promed-post/?id=20170312.4896305,
Sierra Leone,2018,18,FALSE,ProMED,https://promedmail.org/promed-post/?id=20180608.5845206,
Sierra Leone,2019,19,TRUE,WHO,https://apps.who.int/iris/bitstream/handle/10665/330353/OEW01-05012020.pdf,
Sierra Leone,2021,16,TRUE,WHO,https://apps.who.int/iris/bitstream/handle/10665/350957/OEW52-2026122021.pdf,
Sierra Leone,2022,20,FALSE,WHO,https://apps.who.int/iris/bitstream/handle/10665/362017/OEW34-1521082022.pdf,
Sierra Leone,2023,2,FALSE,ProMED,https://promedmail.org/promed-post/?id=20230214.8708373,
Togo,2016,3,FALSE,ECDC,https://www.ecdc.europa.eu/en/publications-data/rapid-risk-assessment-lassa-fever-nigeria-benin-togo-germany-and-usa-24-march,
Togo,2017,7,FALSE,ProMED,https://promedmail.org/promed-post/?id=20170328.4931422,
Togo,2019,2,TRUE,WHO,http://apps.who.int/iris/bitstream/handle/10665/278952/OEW01-29122018-04012019.pdf,
Togo,2022,1,FALSE,WHO,https://www.who.int/emergencies/disease-outbreak-news/item/2022-DON362,
