id,doi,kind,tier,page,note,title,authors,journal,year,url,preprint_doi,preprint_url,preprint_year,preprint_server,licence,pdf_link,pdf_url,orcid_type,orcid_source,put_code
10_1038_s41591_025_04018_6,10.1038/s41591-025-04018-6,article,page,policy/vaccines.qmd,,A One Health trial design to accelerate Lassa fever vaccines,"Simons D, Watson-Jones D, Manno D, Friant S",Nature Medicine,2026,https://doi.org/10.1038/s41591-025-04018-6,,,,,https://www.springernature.com/gp/researchers/text-and-data-mining,https://www.nature.com/articles/s41591-025-04018-6.pdf,https://www.nature.com/articles/s41591-025-04018-6.pdf,journal-article,Crossref,201229890
10_1371_journal_pesy_0000023,10.1371/journal.pesy.0000023,article,page,policy/surveillance.qmd,,A protocol for biodiversity-informed wildlife disease surveillance,"Catchen MD, Banville F, Boutin AC, Brookson CB, Carlson CJ, Dansereau G, Gibb R, Houle M, Kaza B, Robertson H, Simons D, Seifert SN, Poisot T",PLOS Ecosystems,2026,https://doi.org/10.1371/journal.pesy.0000023,10.32942/x21d36,https://doi.org/10.32942/x21d36,2025,,http://creativecommons.org/licenses/by/4.0/,,,journal-article,David Simons,227269878
10_5281_zenodo_21978982,10.5281/zenodo.21978982,software,card,,,ArHa: Arenavirus and Hantavirus sampling in small mammals.,"Simons D, Seifert SN",Zenodo,2026,https://doi.org/10.5281/zenodo.21978982,,,,,https://creativecommons.org/publicdomain/zero/1.0/legalcode,,,software,DataCite,224045745
10_5281_zenodo_21978983,10.5281/zenodo.21978983,software,line,,,ArHa: Arenavirus and Hantavirus sampling in small mammals.,"Simons D, Seifert SN",Zenodo,2026,https://doi.org/10.5281/zenodo.21978983,,,,,https://creativecommons.org/publicdomain/zero/1.0/legalcode,,,software,DataCite,224045745
10_4269_ajtmh_25_0120,10.4269/ajtmh.25-0120,article,page,lassa/sierra_leone.qmd,,Contact Networks of Small Mammals Highlight Potential Transmission Foci of Mammarenavirus lassaense,"Simons D, Goyal R, Bangura U, Gibb R, Rushton B, Sondufu D, Lamin J, Koninga J, Foday M, Dawson M, Lahai J, Ansumana R, Fichet-Calvet E, Kock R, Watson-Jones D, Jones KE",The American Journal of Tropical Medicine and Hygiene,2026,https://doi.org/10.4269/ajtmh.25-0120,10.1101/2025.02.25.639449,https://doi.org/10.1101/2025.02.25.639449,2025,bioRxiv,https://creativecommons.org/licenses/by/4.0/,,,journal-article,Europe PubMed Central,227258632
10_1007_s10393_026_01810_9,10.1007/s10393-026-01810-9,article,line,,,Local Knowledge of Land Use Effects on Human-Rodent Interfaces in Lassa-Endemic Nigeria,"Harden C, Eziechina S, Ifebueme NM, Simons D, Moses L, Redding DW, Friant S",EcoHealth,2026,https://doi.org/10.1007/s10393-026-01810-9,,,,,https://creativecommons.org/licenses/by/4.0,https://link.springer.com/content/pdf/10.1007/s10393-026-01810-9.pdf,,journal-article,Europe PubMed Central,227258630
10_1371_journal_pntd_0014379,10.1371/journal.pntd.0014379,article,page,lassa/SCAPES.qmd,,Local heterogeneity in Lassa fever serology in rural Nigeria: Implications for vaccine trial site selection,"Simons D, Harden C, Imirzian N, Thompson KET, Ifebueme NM, Eziechina S, Ignatius H, Marcus D, Aderibigbe F, Koninga JT, Meremikwu M, Moses L, Redding DW, Friant S",PLOS Neglected Tropical Diseases,2026,https://doi.org/10.1371/journal.pntd.0014379,10.64898/2025.12.17.25342407,https://doi.org/10.64898/2025.12.17.25342407,2025,medRxiv,http://creativecommons.org/licenses/by/4.0/,,,journal-article,Crossref,215385803
10_64898_2026_01_26_26344575,10.64898/2026.01.26.26344575,preprint,page,open_science/tools.qmd,,Map Liberator: An open-source tool for recovering spatial epidemiological data from static situation reports,Simons D,medRxiv,2026,https://doi.org/10.64898/2026.01.26.26344575,,,,,http://creativecommons.org/licenses/by/4.0/,,,preprint,Crossref,203775520
10_64898_2026_06_10_731004,10.64898/2026.06.10.731004,preprint,page,arha.qmd,,Molecular and ecological determinants of effective reassortment in orthohantaviruses,"Rivero R, Simons D, Damodaran L, Karegi I, Gurev S, Becker DJ, Warren DL, Mueller NF, Rasmussen DA, Seifert SN",bioRxiv,2026,https://doi.org/10.64898/2026.06.10.731004,,,,,http://creativecommons.org/licenses/by/4.0/,,,preprint,Crossref,217574568
10_1371_journal_pone_0349028,10.1371/journal.pone.0349028,article,line,,,Optimising supervised machine learning algorithms predicting cigarette cravings and lapses for a smoking cessation just-in-time adaptive intervention (JITAI),"Leppin C, Brown J, Garnett C, Kale D, Okpako T, Simons D, Perski O",PLOS One,2026,https://doi.org/10.1371/journal.pone.0349028,10.1101/2025.08.07.25333190,https://doi.org/10.1101/2025.08.07.25333190,2025,medRxiv,http://creativecommons.org/licenses/by/4.0/,,,journal-article,Web of Science,227258402
10_12688_wellcomeopenres_25937_2,10.12688/wellcomeopenres.25937.2,article,page,lassa/SCAPES.qmd,,"Scaling Lassa Virus Dynamics within Anthropogenic Ecosystems (SCAPES) Study Protocol: a mixed-methods observational cohort study of humans, rodents, and landscapes in Nigeria.","Friant S, Simons D, Harden C, Imirzian N, Bjornstad O, Gibb R, Jones K, Smith A, Thompson K, Lever A, Aderibigbe F, Ayambem W, Ifebueme N, Ignatius H, Koninga J, Meremikwu M, Moses L, Redding D",Wellcome Open Research,2026,https://doi.org/10.12688/wellcomeopenres.25937.2,10.1101/2025.09.12.25335176,https://doi.org/10.1101/2025.09.12.25335176,2025,medRxiv,https://creativecommons.org/licenses/by/4.0/,https://wellcomeopenresearch.org/articles/11-125/v2/pdf,,data-set,DataCite,198036652
10_1017_s0950268826101824,10.1017/s0950268826101824,article,page,lassa/lassa_urbanisation.qmd,,The socio-economic shield limits Lassa virus spillover in urban West Africa,Simons D,Epidemiology and Infection,2026,https://doi.org/10.1017/s0950268826101824,10.64898/2025.12.17.25342147,https://doi.org/10.64898/2025.12.17.25342147,2025,medRxiv,http://creativecommons.org/licenses/by/4.0,,,preprint,Crossref,200086043
10_64898_2026_06_03_729761,10.64898/2026.06.03.729761,preprint,page,arha.qmd,,Viral reservoir status in small mammals emerges as a predictable life-history trait after correcting for surveillance bias,"Simons D, Rivero R, Rickard G, Martinez-Checa A, Gordon H, Redding DW, Seifert SN",bioRxiv,2026,https://doi.org/10.64898/2026.06.03.729761,,,,,http://creativecommons.org/licenses/by/4.0/,,,preprint,Crossref,216754064
10_1002_ecog_08455,10.1002/ecog.08455,article,page,open_science/tools.qmd,,‘SiteTool': a ‘Shiny' application for field site selection and evaluation,"Imirzian N, Trebski A, Johnson E, Hewitson M, Simons D, Harden C, Friant S, Redding D",Ecography,2026,https://doi.org/10.1002/ecog.08455,10.32942/x2g65x,https://doi.org/10.32942/x2g65x,2025,,http://creativecommons.org/licenses/by/3.0/,https://nsojournals.onlinelibrary.wiley.com/doi/pdf/10.1002/ecog.08455,,journal-article,Crossref,216587261
10_1038_s41597_025_05332_x,10.1038/s41597-025-05332-x,article,page,open_science/tools.qmd,,A minimum data standard for wildlife disease research and surveillance,"Schwantes CJ, Sánchez CA, Stevens T, Zimmerman R, Albery G, Becker DJ, Brookson CB, Kading RC, Keiser CN, Khandelwal S, Kramer-Schadt S, Krut-Landau R, McKee C, Montecino-Latorre D, O’Donoghue Z, Olson SH, O’Shea M, Poisot T, Robertson H, Ryan SJ, Seifert SN, Simons D, Vicente-Santos A, Wood CL, Graeden E, Carlson CJ",Scientific Data,2025,https://doi.org/10.1038/s41597-025-05332-x,10.32942/x2tw4j,https://doi.org/10.32942/x2tw4j,2024,,https://creativecommons.org/licenses/by/4.0,https://www.nature.com/articles/s41597-025-05332-x.pdf,,journal-article,Europe PubMed Central,227258635
10_1111_1365_2656_70187,10.1111/1365-2656.70187,article,page,lassa/sierra_leone.qmd,,Land use gradients drive spatial variation in Lassa fever host communities in the Eastern Province of Sierra Leone,"Simons D, Gibb R, Bangura U, Sondufu D, Lamin J, Koninga J, Foday M, Dawson M, Lahai J, Ansumana R, Fichet‐Calvet E, Watson‐Jones D, Kock R, Jones KE",Journal of Animal Ecology,2025,https://doi.org/10.1111/1365-2656.70187,10.32942/x2n33p,https://doi.org/10.32942/x2n33p,2025,,http://creativecommons.org/licenses/by/4.0/,https://besjournals.onlinelibrary.wiley.com/doi/pdf/10.1111/1365-2656.70187,,journal-article,Crossref,197567527
10_12688_wellcomeopenres_24037_2,10.12688/wellcomeopenres.24037.2,article,page,arha.qmd,,Protocol to produce a systematic Arenavirus and Hantavirus host-pathogen database: Project ArHa.,"Simons D, Rivero R, Guiote AMC, Gordon HLM, Milne GC, Rickard G, Redding DW, Seifert SN",Wellcome Open Research,2025,https://doi.org/10.12688/wellcomeopenres.24037.2,10.1101/2025.01.17.633514,https://doi.org/10.1101/2025.01.17.633514,2025,bioRxiv,https://creativecommons.org/licenses/by/4.0/,https://wellcomeopenresearch.org/articles/10-227/v2/pdf,,journal-article,Wellcome Open Research,189341523
10_1016_j_lanplh_2025_101300,10.1016/j.lanplh.2025.101300,article,page,rodent_ecology/lancet_pillars_view.qmd,,"Reducing the threats of rodent-borne zoonoses requires an understanding and leveraging of three key pillars: disease ecology, synanthropy, and rodentation","Friant S, Mistrick J, Luis AD, Harden C, Simons D, Fichet-Calvet E, Gibb R, Grube N, Henttonen H, Imirizian N, Moses L, Perry GH, Redding D, Stenseth NC, Vandegrift K, Bjornstad ON, Dobson A, Lloyd-Smith JO, Hudson PJ",The Lancet Planetary Health,2025,https://doi.org/10.1016/j.lanplh.2025.101300,,,,,http://creativecommons.org/licenses/by/4.0/,,,journal-article,Web of Science,227258411
10_5281_zenodo_17725053,10.5281/zenodo.17725053,data,line,,,"Scaling Lassa Virus Dynamics within Anthropogenic Ecosystems (SCAPES) Study Protocol: a mixed-methods observational cohort study of humans, rodents, and landscapes in Nigeria.","Simons D, Friant S",Zenodo,2025,https://doi.org/10.5281/zenodo.17725053,,,,,https://creativecommons.org/licenses/by/4.0/legalcode,,,data-set,DataCite,198036652
10_1126_science_adn3231,10.1126/science.adn3231,article,page,policy/vaccines.qmd,,Developing transmissible vaccines for animal infections,"Streicker DG, Griffiths ME, Antia R, Bergner L, Bowman P, de Moraes MVdS, Esvelt K, Famulare M, Gilbert A, He B, Jarvis MA, Kennedy DA, Kuzma J, Wanyonyi CN, Remien C, Rocke T, Rosenke K, Schreiner C, Sheen J, Simons D, Yordanova IA, Bull JJ, Nuismer SL",Science,2024,https://doi.org/10.1126/science.adn3231,,,,,,,,journal-article,Web of Science,227258415
10_1371_journal_pdig_0000594,10.1371/journal.pdig.0000594,article,line,,,Supervised machine learning to predict smoking lapses from Ecological Momentary Assessments and sensor data: Implications for just-in-time adaptive intervention development,"Perski O, Kale D, Leppin C, Okpako T, Simons D, Goldstein SP, Hekler E, Brown J",PLOS Digital Health,2024,https://doi.org/10.1371/journal.pdig.0000594,10.31219/osf.io/jgrpy,https://doi.org/10.31219/osf.io/jgrpy,2024,,http://creativecommons.org/licenses/by/4.0/,,,journal-article,Crossref,166071326
10_46471_gigabyte_100,10.46471/gigabyte.100,article,line,,,A dataset of small-mammal detections in West Africa and their associated micro-organisms,"Simons D, Attfield LA, Jones KE, Watson-Jones D, Kock R",Gigabyte,2023,https://doi.org/10.46471/gigabyte.100,10.32388/zb04gw,https://doi.org/10.32388/zb04gw,2023,Qeios,https://creativecommons.org/licenses/by/4.0/,,,journal-article,Web of Science,227258416
10_1093_ntr_ntad051,10.1093/ntr/ntad051,article,line,,,Classification of Lapses in Smokers Attempting to Stop: A Supervised Machine Learning Approach Using Data From a Popular Smoking Cessation Smartphone App,"Perski O, Li K, Pontikos N, Simons D, Goldstein SP, Naughton F, Brown J",Nicotine and Tobacco Research,2023,https://doi.org/10.1093/ntr/ntad051,10.31234/osf.io/58ytr,https://doi.org/10.31234/osf.io/58ytr,2022,,https://creativecommons.org/licenses/by/4.0/,https://academic.oup.com/ntr/advance-article-pdf/doi/10.1093/ntr/ntad051/49798633/ntad051.pdf,,journal-article,Web of Science,227258419
10_1017_s0950268823000420,10.1017/s0950268823000420,article,line,,,"Comparative transmission of SARS-CoV-2 Omicron (B.1.1.529) and Delta (B.1.617.2) variants and the impact of vaccination: national cohort study, England","Allen H, Tessier E, Turner C, Anderson C, Blomquist P, Simons D, Løchen A, Jarvis CI, Groves N, Capelastegui F, Flannagan J, Zaidi A, Chen C, Rawlinson C, Hughes GJ, Chudasama D, Nash S, Thelwall S, Lopez-Bernal J, Dabrera G, Charlett A, Kall M, Lamagni T",Epidemiology and Infection,2023,https://doi.org/10.1017/s0950268823000420,10.1101/2022.02.15.22271001,https://doi.org/10.1101/2022.02.15.22271001,2022,medRxiv,http://creativecommons.org/licenses/by/4.0/,,,journal-article,London School of Hygiene and Tropical Medicine,133165431
10_1371_journal_pgph_0002159,10.1371/journal.pgph.0002159,article,page,lassa/lassa_epidemiology.qmd,,Current sampling and sequencing biases of Lassa mammarenavirus limit inference from phylogeography and molecular epidemiology in Lassa fever endemic regions,"Arruda LB, Free HB, Simons D, Ansumana R, Elton L, Haider N, Honeyborne I, Asogun D, McHugh TD, Ntoumi F, Zumla A, Kock R",PLOS Global Public Health,2023,https://doi.org/10.1371/journal.pgph.0002159,10.1101/2023.06.20.23291686,https://doi.org/10.1101/2023.06.20.23291686,2023,medRxiv,http://creativecommons.org/licenses/by/4.0/,,,journal-article,Web of Science,227258417
10_1371_journal_pntd_0010772,10.1371/journal.pntd.0010772,article,page,lassa/sierra_leone.qmd,,Rodent trapping studies as an overlooked information source for understanding endemic and novel zoonotic spillover,"Simons D, Attfield LA, Jones KE, Watson-Jones D, Kock R",PLOS Neglected Tropical Diseases,2023,https://doi.org/10.1371/journal.pntd.0010772,10.1101/2022.08.30.505792,https://doi.org/10.1101/2022.08.30.505792,2022,bioRxiv,http://creativecommons.org/licenses/by/4.0/,,,journal-article,Web of Science,227258420
10_12688_f1000research_55502_3,10.12688/f1000research.55502.3,article,line,,,Association of smoking status with hospitalisation for COVID-19 compared with other respiratory viruses a year previous: a case-control study at a single UK National Health Service trust,"Simons D, Perski O, Shahab L, Brown J, Bailey R",F1000Research,2022,https://doi.org/10.12688/f1000research.55502.3,10.1101/2020.11.26.20238469,https://doi.org/10.1101/2020.11.26.20238469,2020,medRxiv,http://creativecommons.org/licenses/by/4.0/,https://f1000research.com/articles/10-846/v3/pdf,,journal-article,F1000,98889902
10_1016_s1473_3099_22_00309_7,10.1016/s1473-3099(22)00309-7,article,line,,,COVID-19 vaccine effectiveness against the omicron (BA.2) variant in England,"Kirsebom FCM, Andrews N, Stowe J, Toffa S, Sachdeva R, Gallagher E, Groves N, O'Connell AM, Chand M, Ramsay M, Bernal JL",The Lancet Infectious Diseases,2022,https://doi.org/10.1016/s1473-3099(22)00309-7,10.1101/2022.03.22.22272691,https://doi.org/10.1101/2022.03.22.22272691,,,https://www.elsevier.com/tdm/userlicense/1.0/,,,journal-article,London School of Hygiene and Tropical Medicine,109727429
10_2807_1560_7917_es_2022_27_22_2200422,10.2807/1560-7917.es.2022.27.22.2200422,article,card,,,"Community transmission of monkeypox in the United Kingdom, April to May 2022","Vivancos R, Anderson C, Blomquist P, Balasegaram S, Bell A, Bishop L, Brown CS, Chow Y, Edeghere O, Florence I, Logan S, Manley P, Crowe W, McAuley A, Shankar AG, Mora-Peris B, Paranthaman K, Prochazka M, Ryan C, Simons D, Vipond R, Byers C, Watkins NA, UKHSA Monkeypox Incident Management team, Welfare W, Whittaker E, Dewsnap C, Wilson A, Young Y, Chand M, Riley S, Hopkins S",Eurosurveillance,2022,https://doi.org/10.2807/1560-7917.es.2022.27.22.2200422,,,,,http://creativecommons.org/licenses/by/4.0/,,,journal-article,David Simons,114221239
10_1186_s12889_022_13320_8,10.1186/s12889-022-13320-8,article,line,,,Correction: The local burden of disease during the first wave of the COVID-19 epidemic in England: estimation using different data sources from changing surveillance practices,"Nightingale ES, Abbott S, Russell TW, CMMID Covid-19 Working Group, Rees EM, Eggo RM, Quaife M, Sun FY, Pearson CAB, Prem K, Munday JD, Meakin SR, van Zandvoort K, Edmunds WJ, Rosello A, Funk S, O’Reilly K, Quilty BJ, Procter SR, Gimma A, Kucharski AJ, Deol AK, Emery JC, Bosse NI, Gibbs HP, Simons D, Hué S, Jarvis CI, Klepac P, Liu Y, Foss AM, Diamond C, Villabona-Arenas CJ, Endo A, Houben RMGJ, Flasche S, Clifford S, Knight GM, Hellewell J, Davies NG, Atkins KE, Tully DC, Auzenbergs M, Jit M, Lowe R, Medley GF, Brady OJ",BMC Public Health,2022,https://doi.org/10.1186/s12889-022-13320-8,,,,,https://creativecommons.org/licenses/by/4.0,https://link.springer.com/content/pdf/10.1186/s12889-022-13320-8.pdf,,journal-article,Europe PubMed Central,227258644
10_1056_nejmoa2119451,10.1056/nejmoa2119451,article,line,,,Covid-19 Vaccine Effectiveness against the Omicron (B.1.1.529) Variant,"Andrews N, Stowe J, Kirsebom F, Toffa S, Rickeard T, Gallagher E, Gower C, Kall M, Groves N, O’Connell AM, Simons D, Blomquist PB, Zaidi A, Nash S, Iwani Binti Abdul Aziz N, Thelwall S, Dabrera G, Myers R, Amirthalingam G, Gharbia S, Barrett JC, Elson R, Ladhani SN, Ferguson N, Zambon M, Campbell CNJ, Brown K, Hopkins S, Chand M, Ramsay M, Lopez Bernal J",New England Journal of Medicine,2022,https://doi.org/10.1056/nejmoa2119451,10.1101/2021.12.14.21267615,https://doi.org/10.1101/2021.12.14.21267615,2021,medRxiv,,,,journal-article,London School of Hygiene and Tropical Medicine,109727429
10_2807_1560_7917_es_2022_27_11_2200143,10.2807/1560-7917.es.2022.27.11.2200143,article,line,,,"Enhancing epidemiological surveillance of the emergence of the SARS-CoV-2 Omicron variant using spike gene target failure data, England, 15 November to 31 December 2021","Blomquist PB, Bridgen J, Bray N, O’Connell AM, West D, Groves N, Gallagher E, Utsi L, Jarvis CI, Hardstaff JL, Byers C, Metelmann S, Simons D, Zaidi A, Twohig KA, Savagar B, Løchen A, Ryan C, Wrenn K, Saavedra-Campos M, Abedin Z, Florence I, Cleary P, Elson R, Vivancos R, Lake IR",Eurosurveillance,2022,https://doi.org/10.2807/1560-7917.es.2022.27.11.2200143,,,,,http://creativecommons.org/licenses/by/4.0/,,,journal-article,London School of Hygiene and Tropical Medicine,110276422
10_1016_j_ijid_2022_05_058,10.1016/j.ijid.2022.05.058,article,card,,,Increased outbreaks of monkeypox highlight gaps in actual disease burden in Sub-Saharan Africa and in animal reservoirs,"Haider N, Guitian J, Simons D, Asogun D, Ansumana R, Honeyborne I, Velavan TP, Ntoumi F, Valdoleiros SR, Petersen E, Kock R, Zumla A",International Journal of Infectious Diseases,2022,https://doi.org/10.1016/j.ijid.2022.05.058,,,,,http://creativecommons.org/licenses/by/4.0/,,,other,DataCite,163803042
10_1093_inthealth_ihac076,10.1093/inthealth/ihac076,article,page,lassa/lassa_epidemiology.qmd,,Lassa fever cases suffer from severe underreporting based on reported fatalities,Simons D,International Health,2022,https://doi.org/10.1093/inthealth/ihac076,10.32388/r0y17e,https://doi.org/10.32388/r0y17e,2022,,https://creativecommons.org/licenses/by/4.0/,https://academic.oup.com/inthealth/article-pdf/15/5/608/51327324/ihac076.pdf,,journal-article,Web of Science,227258421
10_1038_s41467_022_32404_y,10.1038/s41467-022-32404-y,article,line,,,Modelling the medium-term dynamics of SARS-CoV-2 transmission in England in the Omicron era,"Barnard RC, Davies NG, Centre for Mathematical Modelling of Infectious Diseases COVID-19 working group, Munday JD, Lowe R, Knight GM, Leclerc QJ, Tully DC, Hodgson D, Pung R, Hellewell J, Koltai M, Simons D, Abbas K, Kucharski AJ, Procter SR, Sandmann FG, Pearson CAB, Prem K, Showering A, Meakin SR, O’Reilly K, McCarthy CV, Quaife M, Wong KLM, Jafari Y, Deol AK, Houben RMGJ, Diamond C, Jombart T, Villabona-Arenas CJ, Waites W, Eggo RM, Endo A, Gibbs HP, Klepac P, Williams J, Quilty BJ, Brady O, Emery JC, Atkins KE, Chapman LAC, Sherratt K, Abbott S, Bosse NI, Mee P, Funk S, Lei J, Liu Y, Flasche S, Rudge JW, Sun FY, Medley G, Russell TW, Gimma A, Hué S, Jarvis CI, Finch E, Clifford S, Jit M, Edmunds WJ",Nature Communications,2022,https://doi.org/10.1038/s41467-022-32404-y,10.1101/2021.11.22.21266584,https://doi.org/10.1101/2021.11.22.21266584,,,https://creativecommons.org/licenses/by/4.0,https://www.nature.com/articles/s41467-022-32404-y.pdf,,journal-article,Europe PubMed Central,227258642
10_1186_s12889_022_13069_0,10.1186/s12889-022-13069-0,article,line,,,The local burden of disease during the first wave of the COVID-19 epidemic in England: estimation using different data sources from changing surveillance practices,"Nightingale ES, Abbott S, Russell TW, CMMID Covid-19 Working Group, Rees EM, Eggo RM, Quaife M, Sun FY, Pearson CAB, Prem K, Munday JD, Meakin SR, Medley G, van Zandvoort K, Edmunds WJ, Rosello A, Funk S, O’Reilly K, Quilty BJ, Procter SR, Gimma A, Kucharski AJ, Deol AK, Emery JC, Bosse NI, Gibbs HP, Simons D, Hué S, Jarvis CI, Klepac P, Liu Y, Foss AM, Diamond C, Villabona-Arenas CJ, Endo A, Houben RMGJ, Flasche S, Russell TW, Clifford S, Knight GM, Hellewell J, Davies NG, Atkins KE, Tully DC, Auzenbergs M, Jit M, Lowe R, Medley GF, Brady OJ",BMC Public Health,2022,https://doi.org/10.1186/s12889-022-13069-0,10.21203/rs.3.rs-1113627/v1,https://doi.org/10.21203/rs.3.rs-1113627/v1,,,https://creativecommons.org/licenses/by/4.0,https://link.springer.com/content/pdf/10.1186/s12889-022-13069-0.pdf,,journal-article,Europe PubMed Central,227258646
10_1038_s41598_021_86266_3,10.1038/s41598-021-86266-3,article,line,,,Analysis of temporal trends in potential COVID-19 cases reported through NHS Pathways England,"Leclerc QJ, Nightingale ES, Abbott S, CMMID COVID-19 Working Group, Rees EM, Eggo RM, Quaife M, Sun FY, Pearson CAB, Prem K, Munday JD, Meakin SR, Medley G, van Zandvoort K, Edmunds WJ, Rosello A, Funk S, O’Reilly K, Quilty BJ, Procter SR, Gimma A, Kucharski AJ, Deol AK, Emery JC, Bosse NI, Gibbs HP, Simons D, Hué S, Jarvis CI, Klepac P, Liu Y, Foss AM, Diamond C, Villabona-Arenas CJ, Endo A, Houben RMGJ, Flasche S, Russell TW, Clifford S, Knight GM, Hellewell J, Davies NG, Atkins KE, Tully DC, Auzenbergs M, Jit M, Lowe R, Jombart T",Scientific Reports,2021,https://doi.org/10.1038/s41598-021-86266-3,10.1101/2020.05.16.20103820,https://doi.org/10.1101/2020.05.16.20103820,,,https://creativecommons.org/licenses/by/4.0,https://www.nature.com/articles/s41598-021-86266-3.pdf,,journal-article,London School of Hygiene and Tropical Medicine,94513710
10_3390_pathogens10091160,10.3390/pathogens10091160,article,line,,,Antimicrobial Resistance Patterns and Risk Factors Associated with Salmonella spp. Isolates from Poultry Farms in the East Coast of Peninsular Malaysia: A Cross-Sectional Study,"Osman AY, Elmi SA, Simons D, Elton L, Haider N, Khan MA, Othman I, Zumla A, McCoy D, Kock R",Pathogens,2021,https://doi.org/10.3390/pathogens10091160,,,,,https://creativecommons.org/licenses/by/4.0/,,,journal-article,Crossref,99719182
10_1038_s41467_021_25531_5,10.1038/s41467-021-25531-5,article,line,,,Contact tracing is an imperfect tool for controlling COVID-19 transmission and relies on population adherence,"Davis EL, Lucas TCD, Borlase A, Pollington TM, Abbott S, Ayabina D, Crellen T, Hellewell J, Pi L, CMMID COVID-19 Working Group, Lowe R, Endo A, Davies N, Gore-Langton GR, Russell TW, Bosse NI, Quaife M, Kucharski AJ, Nightingale ES, Pearson CAB, Gibbs H, O’Reilly K, Jombart T, Rees EM, Deol AK, Hué S, Auzenbergs M, Houben RMGJ, Funk S, Li Y, Sun F, Prem K, Quilty BJ, Villabona-Arenas J, Barnard RC, Hodgson D, Foss A, Jarvis CI, Meakin SR, Eggo RM, Abbas K, Zandvoort Kv, Emery JC, Tully DC, Sandmann FG, Edmunds WJ, Gimma A, Knight G, Munday JD, Diamond C, Jit M, Leclerc Q, Rosello A, Chan YWD, Simons D, Clifford S, Flasche S, Procter SR, Atkins KE, Medley GF, Hollingsworth TD, Klepac P",Nature Communications,2021,https://doi.org/10.1038/s41467-021-25531-5,,,,,https://creativecommons.org/licenses/by/4.0,https://www.nature.com/articles/s41467-021-25531-5.pdf,,journal-article,Europe PubMed Central,227258648
10_1186_s12916_021_01982_x,10.1186/s12916-021-01982-x,article,line,,,Estimating the effectiveness of routine asymptomatic PCR testing at different frequencies for the detection of SARS-CoV-2 infections,"The SAFER Investigators and Field Study Team, Hellewell J, The Crick COVID-19 Consortium, CMMID COVID-19 working group, Russell TW, Beale R, Kelly G, Houlihan C, Nastouli E, Kucharski AJ",BMC Medicine,2021,https://doi.org/10.1186/s12916-021-01982-x,10.1101/2020.11.24.20229948,https://doi.org/10.1101/2020.11.24.20229948,,,http://creativecommons.org/licenses/by/4.0/,https://link.springer.com/content/pdf/10.1186/s12916-021-01982-x.pdf,,journal-article,Europe PubMed Central,227258653
10_1101_2021_12_18_21268003,10.1101/2021.12.18.21268003,preprint,line,,,Evaluation of the Implementation of the 4C Mortality Score in United Kingdom hospitals during the second pandemic wave,"Blunsum AE, Perkins JS, Arshad A, Bajpai S, Barclay-Elliott K, Brito-Mutunayagam S, Brooks R, Chan T, Coates DJG, Corobana A, Crocker-Buqué T, Evans TJ, Gordon-Brown J, Hack B, Hiles H, Khanijau A, Lalwani S, Leong C, MacKay K, Macrae C, Martin B, Martin CA, McKemey E, Nazareth J, Pan D, Scopazzini M, Simons D, Swinhoe S, Thomas J, Thorburn F, Walpole S, Warne E, Wilson R, MacConnachie A, Ho A",medRxiv,2021,https://doi.org/10.1101/2021.12.18.21268003,,,,,,,,preprint,Europe PubMed Central,144032617
10_3390_antibiotics10020117,10.3390/antibiotics10020117,article,line,,,Identification of Risk Factors Associated with Resistant Escherichia coli Isolates from Poultry Farms in the East Coast of Peninsular Malaysia: A Cross Sectional Study,"Elmi SA, Simons D, Elton L, Haider N, Abdel Hamid MM, Shuaib YA, Khan MA, Othman I, Kock R, Osman AY",Antibiotics,2021,https://doi.org/10.3390/antibiotics10020117,,,,,https://creativecommons.org/licenses/by/4.0/,,,journal-article,Crossref,87535726
10_1038_s41467_021_22213_0,10.1038/s41467-021-22213-0,article,line,,,Implications of the school-household network structure on SARS-CoV-2 transmission under school reopening strategies in England,"Munday JD, Sherratt K, Meakin S, Endo A, Pearson CAB, Hellewell J, Abbott S, Bosse NI, CMMID COVID-19 Working Group, Eggo RM, Simons D, O’Reilly K, Russell TW, Lowe R, Leclerc QJ, Emery JC, Klepac P, Nightingale ES, Quaife M, van Zandvoort K, Knight GM, Jombart T, Villabona-Arenas CJ, Rees EM, Diamond C, Auzenbergs M, Medley G, Foss AM, Gore-Langton GR, Deol AK, Jit M, Gibbs HP, Procter SR, Rosello A, Jarvis CI, Liu Y, Houben RMGJ, Hué S, Clifford S, Quilty BJ, Gimma A, Tully DC, Sun FY, Prem K, Atkins KE, Wallinga J, Edmunds WJ, van Hoek AJ, Funk S",Nature Communications,2021,https://doi.org/10.1038/s41467-021-22213-0,10.1101/2020.08.21.20167965,https://doi.org/10.1101/2020.08.21.20167965,,,https://creativecommons.org/licenses/by/4.0,https://www.nature.com/articles/s41467-021-22213-0.pdf,,journal-article,London School of Hygiene and Tropical Medicine,94513709
10_1186_s12913_021_06509_x,10.1186/s12913-021-06509-x,article,line,,,Importance of patient bed pathways and length of stay differences in predicting COVID-19 hospital bed occupancy in England,"Leclerc QJ, Fuller NM, Keogh RH, Diaz-Ordaz K, Sekula R, Semple MG, ISARIC4C Investigators, Baillie JK, Semple MG, Openshaw PJM, Carson G, Alex B, Bach B, Barclay WS, Bogaert D, Chand M, Cooke GS, Docherty AB, Dunning J, da Silva Filipe A, Fletcher T, Green CA, Harrison EM, Hiscox JA, Ho AYW, Horby PW, Ijaz S, Khoo S, Klenerman P, Law A, Lim WS, Mentzer AJ, Merson L, Meynert AM, Noursadeghi M, Moore SC, Palmarini M, Paxton WA, Pollakis G, Price N, Rambaut A, Robertson DL, Russell CD, Sancho-Shimizu V, Scott JT, de Silva T, Sigfrid L, Solomon T, Sriskandan S, Stuart D, Summers C, Tedder RS, Thomson EC, Thompson AAR, Thwaites RS, Turtle LCW, Zambon M, Hardwick H, Donohue C, Lyons R, Griffiths F, Oosthuyzen W, Norman L, Pius R, Drake TM, Fairfield CJ, Knight S, Mclean KA, Murphy D, Shaw CA, Dalton J, Lee J, Plotkin D, Girvan M, Saviciute E, Roberts S, Harrison J, Marsh L, Connor M, Halpin S, Jackson C, Gamble C, Petersen C, Mullaney S, Leeming G, Wham M, Clohisey S, Hendry R, Scott-Brown J, Greenhalf W, Shaw V, McDonald S, Keating S, Ahmed KA, Armstrong JA, Ashworth M, Asiimwe IG, Bakshi S, Barlow SL, Booth L, Brennan B, Bullock K, Catterall BWA, Clark JJ, Clarke EA, Cole S, Cooper L, Cox H, Davis C, Dincarslan O, Dunn C, Dyer P, Elliott A, Evans A, Finch L, Fisher LWS, Foster T, Garcia-Dorival I, Gunning P, Hartley C, Ho A, Jensen RL, Jones CB, Jones TR, Khandaker S, King K, Kiy RT, Koukorava C, Lake A, Lant S, Latawiec D, Lavelle-Langham L, Lefteri D, Lett L, Livoti LA, Mancini M, McDonald S, McEvoy L, McLauchlan J, Metelmann S, Miah NS, Middleton J, Mitchell J, Murphy EG, Penrice-Randal R, Pilgrim J, Prince T, Reynolds W, Ridley PM, Sales D, Shaw VE, Shears RK, Small B, Subramaniam KS, Szemiel A, Taggart A, Tanianis-Hughes J, Thomas J, Trochu E, van Tonder L, Wilcock E, Zhang JE, Adeniji K, Agranoff D, Agwuh K, Ail D, Alegria A, Angus B, Ashish A, Atkinson D, Bari S, Barlow G, Barnass S, Barrett N, Bassford C, Baxter D, Beadsworth M, Bernatoniene J, Berridge J, Best N, Bothma P, Brealey D, Brittain-Long R, Bulteel N, Burden T, Burtenshaw A, Caruth V, Chadwick D, Chambler D, Chee N, Child J, Chukkambotla S, Clark T, Collini P, Cosgrove C, Cupitt J, Cutino-Moguel MT, Dark P, Dawson C, Dervisevic S, Donnison P, Douthwaite S, DuRand I, Dushianthan A, Dyer T, Evans C, Eziefula C, Fegan C, Finn A, Fullerton D, Garg S, Garg S, Garg A, Gkrania-Klotsas E, Godden J, Goldsmith A, Graham C, Hardy E, Hartshorn S, Harvey D, Havalda P, Hawcutt DB, Hobrok M, Hodgson L, Hormis A, Jacobs M, Jain S, Jennings P, Kaliappan A, Kasipandian V, Kegg S, Kelsey M, Kendall J, Kerrison C, Kerslake I, Koch O, Koduri G, Koshy G, Laha S, Laird S, Larkin S, Leiner T, Lillie P, Limb J, Linnett V, Little J, MacMahon M, MacNaughton E, Mankregod R, Masson H, Matovu E, McCullough K, McEwen R, Meda M, Mills G, Minton J, Mirfenderesky M, Mohandas K, Mok Q, Moon J, Moore E, Morgan P, Morris C, Mortimore K, Moses S, Mpenge M, Mulla R, Murphy M, Nagel M, Nagarajan T, Nelson M, Otahal I, Pais M, Panchatsharam S, Paraiso H, Patel B, Pattison N, Pepperell J, Peters M, Phull M, Pintus S, Pooni JS, Post F, Price D, Prout R, Rae N, Reschreiter H, Reynolds T, Richardson N, Roberts M, Roberts D, Rose A, Rousseau G, Ryan B, Saluja T, Shah A, Shanmuga P, Sharma A, Shawcross A, Sizer J, Shankar-Hari M, Smith R, Snelson C, Spittle N, Staines N, Stambach T, Stewart R, Subudhi P, Szakmany T, Tatham K, Thomas J, Thompson C, Thompson R, Tridente A, Tupper-Carey D, Twagira M, Ustianowski A, Vallotton N, Vincent-Smith L, Visuvanathan S, Vuylsteke A, Waddy S, Wake R, Walden A, Welters I, Whitehouse T, Whittaker P, Whittington A, Wijesinghe M, Williams M, Wilson L, Wilson S, Winchester S, Wiselka M, Wolverson A, Wooton DG, Workman A, Yates B, Young P, CMMID COVID-19 Working Group, Quaife M, Jarvis CI, Meakin SR, Quilty BJ, Prem K, Villabona-Arenas CJ, Sun FY, Abbas K, Auzenbergs M, Gimma A, Tully DC, Sherratt K, Rosello A, Davies NG, Liu Y, Lowe R, Gibbs HP, Waterlow NR, Edmunds WJ, Simons D, Medley G, Munday JD, Flasche S, Sandmann FG, Showering A, Eggo RM, Chan YWD, Pearson CAB, Kucharski AJ, Foss AM, Russell TW, Bosse NI, Jit M, Abbott S, Williams J, Endo A, Clifford S, Gore-Langton GR, Klepac P, Brady O, Hellewell J, Funk S, van Zandvoort K, Barnard RC, Nightingale ES, Jombart T, Atkins KE, Procter SR, Knight GM",BMC Health Services Research,2021,https://doi.org/10.1186/s12913-021-06509-x,,,,,https://creativecommons.org/licenses/by/4.0,https://link.springer.com/content/pdf/10.1186/s12913-021-06509-x.pdf,,journal-article,Europe PubMed Central,227258652
10_1371_journal_pcbi_1009098,10.1371/journal.pcbi.1009098,article,line,,,Projecting contact matrices in 177 geographical regions: An update and comparison with empirical data for the COVID-19 era,"Prem K, Zandvoort Kv, Klepac P, Eggo RM, Davies NG, Centre for the Mathematical Modelling of Infectious Diseases COVID-19 Working Group, Cook AR, Jit M",PLOS Computational Biology,2021,https://doi.org/10.1371/journal.pcbi.1009098,10.1101/2020.07.22.20159772,https://doi.org/10.1101/2020.07.22.20159772,,,http://creativecommons.org/licenses/by/4.0/,,,journal-article,Europe PubMed Central,227258650
10_1016_s2468_2667_20_30308_x,10.1016/s2468-2667(20)30308-x,article,line,,,Quarantine and testing strategies in contact tracing for SARS-CoV-2: a modelling study,"Quilty BJ, Clifford S, Hellewell J, Russell TW, Kucharski AJ, Flasche S, Edmunds WJ, Atkins KE, Foss AM, Waterlow NR, Abbas K, Lowe R, Pearson CAB, Funk S, Rosello A, Knight GM, Bosse NI, Procter SR, Gore-Langton GR, Showering A, Munday JD, Sherratt K, Jombart T, Nightingale ES, Liu Y, Jarvis CI, Medley G, Brady O, Gibbs HP, Simons D, Williams J, Tully DC, Flasche S, Meakin SR, Zandvoort K, Sun FY, Jit M, Klepac P, Quaife M, Eggo RM, Sandmann FG, Endo A, Prem K, Abbott S, Barnard R, Chan YWD, Auzenbergs M, Gimma A, Villabona-Arenas CJ, Davies NG",The Lancet Public Health,2021,https://doi.org/10.1016/s2468-2667(20)30308-x,10.1101/2020.08.21.20177808,https://doi.org/10.1101/2020.08.21.20177808,,,http://creativecommons.org/licenses/by/4.0/,,,journal-article,London School of Hygiene and Tropical Medicine,94513715
10_1093_ntr_ntab214,10.1093/ntr/ntab214,article,line,,,"Smoking, Nicotine, and COVID-19: Triangulation of Methods and Preregistration Are Required for Robust Causal Inference","Perski O, Simons D, Shahab L, Brown J",Nicotine &amp; Tobacco Research,2021,https://doi.org/10.1093/ntr/ntab214,,,,,https://academic.oup.com/pages/standard-publication-reuse-rights,https://academic.oup.com/ntr/advance-article-pdf/doi/10.1093/ntr/ntab214/41157128/ntab214.pdf,,journal-article,Web of Science,227258423
10_2807_1560_7917_es_2021_26_39_2001440,10.2807/1560-7917.es.2021.26.39.2001440,article,line,,,"Strategies to reduce the risk of SARS-CoV-2 importation from international travellers: modelling estimations for the United Kingdom, July 2020","Clifford S, Quilty BJ, Russell TW, Liu Y, Chan YWD, Pearson CAB, Eggo RM, Endo A, CMMID COVID-19 Working Group, Flasche S, Edmunds WJ",Eurosurveillance,2021,https://doi.org/10.2807/1560-7917.es.2021.26.39.2001440,10.1101/2020.07.24.20161281,https://doi.org/10.1101/2020.07.24.20161281,,,http://creativecommons.org/licenses/by/4.0/,,,journal-article,Europe PubMed Central,227258649
10_1186_s12916_021_01924_7,10.1186/s12916-021-01924-7,article,line,,,The impact of local and national restrictions in response to COVID-19 on social contacts in England: a longitudinal natural experiment,"CMMID COVID-19 working group, Jarvis CI, Gimma A, van Zandvoort K, Wong KLM, Edmunds WJ",BMC Medicine,2021,https://doi.org/10.1186/s12916-021-01924-7,,,,,http://creativecommons.org/licenses/by/4.0/,http://link.springer.com/content/pdf/10.1186/s12916-021-01924-7.pdf,,journal-article,London School of Hygiene and Tropical Medicine,94513712
10_1186_s12916_020_01872_8,10.1186/s12916-020-01872-8,article,line,,,The impact of non-pharmaceutical interventions on SARS-CoV-2 transmission across 130 countries and territories,"CMMID COVID-19 Working Group, Liu Y, Morgenstern C, Kelly J, Lowe R, Jit M",BMC Medicine,2021,https://doi.org/10.1186/s12916-020-01872-8,10.1101/2020.08.11.20172643,https://doi.org/10.1101/2020.08.11.20172643,,,http://creativecommons.org/licenses/by/4.0/,http://link.springer.com/content/pdf/10.1186/s12916-020-01872-8.pdf,,journal-article,London School of Hygiene and Tropical Medicine,94513713
10_2807_1560_7917_es_2021_26_49_2001809,10.2807/1560-7917.es.2021.26.49.2001809,article,line,,,"The importance of saturating density dependence for population-level predictions of SARS-CoV-2 resurgence compared with density-independent or linearly density-dependent models, England, 23 March to 31 July 2020","Nightingale ES, Brady OJ, CMMID Covid-19 working group, Yakob L",Eurosurveillance,2021,https://doi.org/10.2807/1560-7917.es.2021.26.49.2001809,10.1101/2020.08.28.20183921,https://doi.org/10.1101/2020.08.28.20183921,,,http://creativecommons.org/licenses/by/4.0/,,,journal-article,Europe PubMed Central,227258647
10_1186_s12916_021_01906_9,10.1186/s12916-021-01906-9,article,line,,,The importance of supplementary immunisation activities to prevent measles outbreaks during the COVID-19 pandemic in Kenya,"LSHTM CMMID COVID-19 Working Group, Mburu CN, Ojal J, Chebet R, Akech D, Karia B, Tuju J, Sigilai A, Abbas K, Jit M, Funk S, Smits G, van Gageldonk PGM, van der Klis FRM, Tabu C, Nokes DJ, Scott J, Flasche S, Adetifa I",BMC Medicine,2021,https://doi.org/10.1186/s12916-021-01906-9,10.1101/2020.08.25.20181198,https://doi.org/10.1101/2020.08.25.20181198,,,http://creativecommons.org/licenses/by/4.0/,http://link.springer.com/content/pdf/10.1186/s12916-021-01906-9.pdf,,journal-article,London School of Hygiene and Tropical Medicine,94513714
10_1186_s12941_021_00431_0,10.1186/s12941-021-00431-0,article,card,,,The niche of One Health approaches in Lassa fever surveillance and control,"Arruda LB, Haider N, Olayemi A, Simons D, Ehichioya D, Yinka-Ogunleye A, Ansumana R, Thomason MJ, Asogun D, Ihekweazu C, Fichet-Calvet E, Kock RA",Annals of Clinical Microbiology and Antimicrobials,2021,https://doi.org/10.1186/s12941-021-00431-0,,,,,http://creativecommons.org/licenses/by/4.0/,https://link.springer.com/content/pdf/10.1186/s12941-021-00431-0.pdf,,journal-article,London School of Hygiene and Tropical Medicine,94513724
10_1016_s1473_3099_21_00079_7,10.1016/s1473-3099(21)00079-7,article,line,,,The potential health and economic value of SARS-CoV-2 vaccination alongside physical distancing in the UK: a transmission model-based future scenario analysis and economic evaluation,"Sandmann FG, Davies NG, Vassall A, Edmunds WJ, Jit M, Sun FY, Villabona-Arenas CJ, Nightingale ES, Showering A, Knight GM, Sherratt K, Liu Y, Abbas K, Funk S, Endo A, Hellewell J, Rosello A, Lowe R, Quaife M, Gimma A, Brady O, Williams J, Procter SR, Eggo RM, Chan YWD, Munday JD, Barnard RC, Gore-Langton GR, Bosse NI, Waterlow NR, Diamond C, Russell TW, Medley G, Flasche S, Atkins KE, Prem K, Simons D, Auzenbergs M, Tully DC, Jarvis CI, van Zandvoort K, Abbott S, Pearson CAB, Jombart T, Meakin SR, Foss AM, Kucharski AJ, Quilty BJ, Gibbs HP, Clifford S, Klepac P",The Lancet Infectious Diseases,2021,https://doi.org/10.1016/s1473-3099(21)00079-7,10.1101/2020.09.24.20200857,https://doi.org/10.1101/2020.09.24.20200857,,,http://creativecommons.org/licenses/by/4.0/,,,journal-article,London School of Hygiene and Tropical Medicine,94513721
10_1038_s41467_020_18783_0,10.1038/s41467-020-18783-0,article,line,,,Changing travel patterns in China during the early stages of the COVID-19 pandemic,"Gibbs H, Liu Y, Pearson CAB, Jarvis CI, Grundy C, Quilty BJ, Diamond C, LSHTM CMMID COVID-19 working group, Simons D, Gimma A, Leclerc QJ, Auzenbergs M, Lowe R, O’Reilly K, Quaife M, Hellewell J, Knight GM, Jombart T, Klepac P, Procter SR, Deol AK, Rees EM, Flasche S, Kucharski AJ, Abbott S, Sun FY, Endo A, Medley G, Munday JD, Meakin SR, Bosse NI, Edmunds WJ, Davies NG, Prem K, Hué S, Villabona-Arenas CJ, Nightingale ES, Houben RMGJ, Foss AM, Tully DC, Emery JC, van Zandvoort K, Atkins KE, Rosello A, Funk S, Jit M, Clifford S, Russell TW, Eggo RM",Nature Communications,2020,https://doi.org/10.1038/s41467-020-18783-0,10.1101/2020.05.14.20101824,https://doi.org/10.1101/2020.05.14.20101824,,,https://creativecommons.org/licenses/by/4.0,https://www.nature.com/articles/s41467-020-18783-0.pdf,,journal-article,London School of Hygiene and Tropical Medicine,94513719
10_1016_s2589_7500_20_30130_8,10.1016/s2589-7500(20)30130-8,article,line,,,Digital health at the age of the Anthropocene,"Chevance G, Hekler EB, Efoui-Hess M, Godino J, Golaszewski N, Gualtieri L, Krause A, Marrauld L, Nebeker C, Perski O, Simons D, Taylor JC, Bernard P",The Lancet Digital Health,2020,https://doi.org/10.1016/s2589-7500(20)30130-8,,,,,http://creativecommons.org/licenses/by-nc-nd/4.0/,,,journal-article,Web of Science,227258427
10_1016_s1473_3099_20_30457_6,10.1016/s1473-3099(20)30457-6,article,line,,,"Effectiveness of isolation, testing, contact tracing, and physical distancing on reducing transmission of SARS-CoV-2 in different settings: a mathematical modelling study","Kucharski AJ, Klepac P, Conlan AJK, Kissler SM, Tang ML, Fry H, Gog JR, Edmunds WJ, Emery JC, Medley G, Munday JD, Russell TW, Leclerc QJ, Diamond C, Procter SR, Gimma A, Sun FY, Gibbs HP, Rosello A, van Zandvoort K, Hué S, Meakin SR, Deol AK, Knight G, Jombart T, Foss AM, Bosse NI, Atkins KE, Quilty BJ, Lowe R, Prem K, Flasche S, Pearson CAB, Houben RMGJ, Nightingale ES, Endo A, Tully DC, Liu Y, Villabona-Arenas J, O'Reilly K, Funk S, Eggo RM, Jit M, Rees EM, Hellewell J, Clifford S, Jarvis CI, Abbott S, Auzenbergs M, Davies NG, Simons D",The Lancet Infectious Diseases,2020,https://doi.org/10.1016/s1473-3099(20)30457-6,10.1101/2020.04.23.20077024,https://doi.org/10.1101/2020.04.23.20077024,,,http://creativecommons.org/licenses/by/4.0/,,,journal-article,London School of Hygiene and Tropical Medicine,94634892
10_32388_1sc5l4,10.32388/1sc5l4,preprint,line,,,Face masks to prevent community transmission of viral respiratory infections: A rapid evidence review using Bayesian analysis,"Perski O, Simons D, West R, Michie S",,2020,https://doi.org/10.32388/1sc5l4,,,,,,https://www.qeios.com/read/1SC5L4/pdf,,preprint,Crossref,78478917
10_1016_j_ijid_2020_02_049,10.1016/j.ijid.2020.02.049,article,line,,,"Is Africa prepared for tackling the COVID-19 (SARS-CoV-2) epidemic. Lessons from past outbreaks, ongoing pan-African public health efforts, and implications for the future","Kapata N, Ihekweazu C, Ntoumi F, Raji T, Chanda-Kapata P, Mwaba P, Mukonka V, Bates M, Tembo J, Corman V, Mfinanga S, Asogun D, Elton L, Arruda LB, Thomason MJ, Mboera L, Yavlinsky A, Haider N, Simons D, Hollmann L, Lule SA, Veas F, Abdel Hamid MM, Dar O, Edwards S, Vairo F, McHugh TD, Drosten C, Kock R, Ippolito G, Zumla A",International Journal of Infectious Diseases,2020,https://doi.org/10.1016/j.ijid.2020.02.049,,,,,http://creativecommons.org/licenses/by-nc-nd/4.0/,,,journal-article,Web of Science,227258428
10_1016_s2352_3026_20_30122_8,10.1016/s2352-3026(20)30122-8,article,line,,,Mitigating the effect of the COVID-19 pandemic on sickle cell disease services in African countries,"Dexter D, Simons D, Kiyaga C, Kapata N, Ntoumi F, Kock R, Zumla A",The Lancet Haematology,2020,https://doi.org/10.1016/s2352-3026(20)30122-8,,,,,https://www.elsevier.com/tdm/userlicense/1.0/,,,journal-article,Web of Science,227258426
10_1017_s0950268820000424,10.1017/s0950268820000424,article,line,,,Passengers' destinations from China: low risk of Novel Coronavirus (2019-nCoV) transmission into Africa and South America,"Haider N, Yavlinsky A, Simons D, Osman AY, Ntoumi F, Zumla A, Kock R",Epidemiology and Infection,2020,https://doi.org/10.1017/s0950268820000424,,,,,http://creativecommons.org/licenses/by/4.0/,,,journal-article,Web of Science,227258430
10_1186_s12916_020_01790_9,10.1186/s12916-020-01790-9,article,line,,,Reconstructing the early global dynamics of under-ascertained COVID-19 cases and infections,"Russell TW, Golding N, Hellewell J, Abbott S, Wright L, Pearson CAB, van Zandvoort K, Jarvis CI, Gibbs H, Liu Y, Eggo RM, Edmunds WJ, Kucharski AJ, CMMID COVID-19 working group, Deol AK, Villabona-Arenas CJ, Jombart T, O’Reilly K, Munday JD, Meakin SR, Lowe R, Gimma A, Endo A, Nightingale ES, Medley G, Foss AM, Knight GM, Prem K, Hué S, Diamond C, Rudge JW, Atkins KE, Auzenbergs M, Flasche S, Houben RMGJ, Quilty BJ, Klepac P, Quaife M, Funk S, Leclerc QJ, Emery JC, Jit M, Simons D, Bosse NI, Procter SR, Sun FY, Clifford S, Sherratt K, Rosello A, Davies NG, Brady O, Tully DC, Gore-Langton GR",BMC Medicine,2020,https://doi.org/10.1186/s12916-020-01790-9,10.1101/2020.07.07.20148460,https://doi.org/10.1101/2020.07.07.20148460,,,https://creativecommons.org/licenses/by/4.0,https://link.springer.com/content/pdf/10.1186/s12916-020-01790-9.pdf,,journal-article,London School of Hygiene and Tropical Medicine,94513717
10_32388_vgjcun,10.32388/vgjcun,preprint,line,,,"Smoking and COVID-19: Rapid evidence review for the Royal College of Physicians, London (UK)","Simons D, Brown J, Shahab L, Perski O",Qeios,2020,https://doi.org/10.32388/vgjcun,,,,,http://creativecommons.org/licenses/by/4.0/,https://www.qeios.com/read/VGJCUN/pdf,,preprint,Crossref,78478914
10_1111_add_15276,10.1111/add.15276,article,line,,,"The association of smoking status with SARS‐CoV‐2 infection, hospitalization and mortality from COVID‐19: a living rapid evidence review with Bayesian meta‐analyses (version 7)","Simons D, Shahab L, Brown J, Perski O",Addiction,2020,https://doi.org/10.1111/add.15276,10.32388/ujr2aw,https://doi.org/10.32388/ujr2aw,2020,,http://creativecommons.org/licenses/by/4.0/,https://onlinelibrary.wiley.com/doi/pdf/10.1111/add.15276,,journal-article,Web of Science,227258425
10_7554_elife_58699,10.7554/elife.58699,article,line,,,The contribution of asymptomatic SARS-CoV-2 infections to transmission on the Diamond Princess cruise ship,"Emery JC, Russell TW, Liu Y, Hellewell J, Pearson CA, CMMID COVID-19 Working Group, Atkins KE, Klepac P, Endo A, Jarvis CI, Davies NG, Rees EM, Meakin SR, Rosello A, van Zandvoort K, Munday JD, Edmunds WJ, Jombart T, Auzenbergs M, Nightingale ES, Jit M, Abbott S, Simons D, Bosse NI, Leclerc QJ, Procter SR, Villabona-Arenas CJ, Tully DC, Deol AK, Sun FY, Hué S, Foss AM, Prem K, Medley G, Gimma A, Lowe R, Clifford S, Quaife M, Diamond C, Gibbs HP, Quilty BJ, OReilly K, Knight GM, Eggo RM, Kucharski AJ, Funk S, Flasche S, Houben RM",eLife,2020,https://doi.org/10.7554/elife.58699,10.1101/2020.05.07.20093849,https://doi.org/10.1101/2020.05.07.20093849,,,http://creativecommons.org/licenses/by/4.0/,https://cdn.elifesciences.org/articles/58699/elife-58699-v2.pdf,,journal-article,London School of Hygiene and Tropical Medicine,94513723
10_1186_s12916_020_01779_4,10.1186/s12916-020-01779-4,article,line,,,The impact of COVID-19 control measures on social contacts and transmission in Kenyan informal settlements,"Quaife M, van Zandvoort K, Gimma A, Shah K, McCreesh N, Prem K, Barasa E, Mwanga D, Kangwana B, Pinchoff J, CMMID COVID-19 Working Group, Bosse NI, Medley G, O’Reilly K, Leclerc QJ, Jit M, Lowe R, Davies NG, Deol AK, Knight GM, Auzenbergs M, Edmunds WJ, Atkins KE, Jombart T, Eggo RM, Foss AM, Flasche S, Pearson CAB, Nightingale ES, Munday JD, Abbott S, Quilty BJ, Gibbs HP, Simons D, Emery JC, Hué S, Liu Y, Tully DC, Rosello A, Procter SR, Endo A, Russell TW, Rees EM, Diamond C, Meakin SR, Kucharski AJ, Gore-Langton GR, Klepac P, Hellewell J, Sun FY, Houben RMGJ, Villabona-Arenas CJ, Funk S, Clifford S, Brady O, Edmunds WJ, Jarvis CI, Austrian K",BMC Medicine,2020,https://doi.org/10.1186/s12916-020-01779-4,10.1101/2020.06.06.20122689,https://doi.org/10.1101/2020.06.06.20122689,,,https://creativecommons.org/licenses/by/4.0,https://link.springer.com/content/pdf/10.1186/s12916-020-01779-4.pdf,,journal-article,Europe PubMed Central,144032619
10_1038_s41591_020_1036_8,10.1038/s41591-020-1036-8,article,line,,,Using a real-world network to model localized COVID-19 control strategies,"Firth JA, Hellewell J, Klepac P, Kissler S, CMMID COVID-19 Working Group, Jit M, Atkins KE, Clifford S, Villabona-Arenas CJ, Meakin SR, Diamond C, Bosse NI, Munday JD, Prem K, Foss AM, Nightingale ES, Zandvoort Kv, Davies NG, Gibbs HP, Medley G, Gimma A, Flasche S, Simons D, Auzenbergs M, Russell TW, Quilty BJ, Rees EM, Leclerc QJ, Edmunds WJ, Funk S, Houben RMGJ, Knight GM, Abbott S, Sun FY, Lowe R, Tully DC, Procter SR, Jarvis CI, Endo A, O’Reilly K, Emery JC, Jombart T, Rosello A, Deol AK, Quaife M, Hué S, Liu Y, Eggo RM, Pearson CAB, Kucharski AJ, Spurgin LG",Nature Medicine,2020,https://doi.org/10.1038/s41591-020-1036-8,,,,,https://www.springer.com/tdm,https://www.nature.com/articles/s41591-020-1036-8.pdf,,journal-article,London School of Hygiene and Tropical Medicine,94634889
10_1016_j_appet_2012_07_017,10.1016/j.appet.2012.07.017,article,line,,,"The relationship between fat mass, eating behaviour and obesity-related psychological traits in overweight and obese individuals","O’Neill BV, Bullmore ET, Miller S, McHugh S, Simons D, Dodds CM, Koch A, Napolitano A, Nathan PJ",Appetite,2012,https://doi.org/10.1016/j.appet.2012.07.017,,,,,https://www.elsevier.com/tdm/userlicense/1.0/,,none,journal-article,Web of Science,227258431
